{
  "0.2": {
    "n_keep": 410,
    "snr_grid": [
      0,
      3,
      6,
      9,
      12,
      15,
      18,
      21,
      24,
      27,
      30
    ],
    "psnr": [
      25.202624725832898,
      25.477332216659015,
      26.71411330812456,
      27.634570219373302,
      27.750678498989764,
      28.272180885947705,
      28.40768153622895,
      28.4842180154738,
      28.534391171643126,
      28.564155215194443,
      28.589574746905164
    ],
    "ssim": [
      0.7052846367226371,
      0.7163298260642811,
      0.7728061174235312,
      0.8120404354625341,
      0.8168371570236663,
      0.8387755513039743,
      0.8443402232918663,
      0.8472136478313732,
      0.8491672968794471,
      0.8502310225607639,
      0.8510988836678564
    ]
  },
  "0.5": {
    "n_keep": 256,
    "snr_grid": [
      0,
      3,
      6,
      9,
      12,
      15,
      18,
      21,
      24,
      27,
      30
    ],
    "psnr": [
      23.801525603147912,
      25.571993528090477,
      26.79930251944989,
      27.37897947642175,
      28.086893090120363,
      28.27652861568573,
      28.531542447637378,
      28.710510868345626,
      28.73787407240088,
      28.7679153844903,
      28.813926634586323
    ],
    "ssim": [
      0.6354647433620831,
      0.7149845769028422,
      0.76886363546753,
      0.7924854809987542,
      0.8240438250226492,
      0.830657617925848,
      0.8408611579324884,
      0.8476127887533998,
      0.8487507845040383,
      0.8495181003663219,
      0.8512317098786856
    ]
  },
  "0.9": {
    "n_keep": 51,
    "snr_grid": [
      0,
      3,
      6,
      9,
      12,
      15,
      18,
      21,
      24,
      27,
      30
    ],
    "psnr": [
      17.783640915597946,
      19.6308602409221,
      21.70505908538368,
      23.010512324202857,
      23.982289598924662,
      24.865696470928214,
      25.49042679419356,
      25.574713584572113,
      25.843954025412245,
      25.925936215556753,
      25.95831810012559
    ],
    "ssim": [
      0.34585569726448356,
      0.4223593181092061,
      0.513025863443733,
      0.5736914637263477,
      0.622479296803058,
      0.6697839206969981,
      0.7033334977552442,
      0.7093178115120773,
      0.7249792515993014,
      0.730532481253702,
      0.7325091141442714
    ]
  }
}