{
  "3/4LDPC+4QAM": {
    "code_rate": "3/4",
    "n_test_images": 30,
    "snr_grid": [
      0,
      3,
      6,
      9,
      12,
      15,
      18,
      21,
      24,
      27,
      30
    ],
    "psnr": [
      0.2943654460743149,
      7.644227591793242,
      24.49666530604783,
      26.7626954408216,
      31.502908491442863,
      30.580371400769188,
      31.730950185181488,
      27.117494803501156,
      32.270479889303886,
      34.57650033485141,
      34.57650033485141
    ],
    "ssim": [
      0.005339148736299347,
      0.2253683127182936,
      0.6561375124496458,
      0.7206227543543753,
      0.8595991666418824,
      0.8293299063960579,
      0.8558226459925524,
      0.7320534334843483,
      0.8773022114874178,
      0.9402349196332952,
      0.9402349196332952
    ]
  },
  "2/3LDPC+4QAM": {
    "code_rate": "2/3",
    "n_test_images": 30,
    "snr_grid": [
      0,
      3,
      6,
      9,
      12,
      15,
      18,
      21,
      24,
      27,
      30
    ],
    "psnr": [
      1.434633471711692,
      19.96635106610588,
      18.72188586597952,
      29.256969354709263,
      31.38120189345823,
      28.984239054704208,
      31.094533626427342,
      33.70277899159082,
      33.626902588996636,
      34.57650033485141,
      34.57650033485141
    ],
    "ssim": [
      0.03654026027808215,
      0.5259816082020334,
      0.5084030432988946,
      0.7905272796795961,
      0.8519250019977848,
      0.8021686888449746,
      0.8335238103162101,
      0.91423854849353,
      0.9132399966751161,
      0.9402349196332952,
      0.9402349196332952
    ]
  }
}