{
  "4QAM": {
    "M": 4,
    "snr_grid": [
      0,
      3,
      6,
      9,
      12,
      15,
      18,
      21,
      24,
      27,
      30
    ],
    "psnr": [
      21.09577617558985,
      23.626491656518215,
      25.019417775426177,
      25.841627435775916,
      26.67521821507155,
      26.613533092896745,
      26.952590370969013,
      27.022220954759234,
      27.089290178757732,
      27.096104899325752,
      27.097202269684374
    ],
    "ssim": [
      0.7016589201063896,
      0.7622309703046071,
      0.7929823132663758,
      0.8097892505866717,
      0.8283841245178574,
      0.8264382040050282,
      0.8338460082283697,
      0.8351804734362045,
      0.8361863411077912,
      0.8362820454298279,
      0.8362968374177016
    ]
  },
  "16QAM": {
    "M": 16,
    "snr_grid": [
      0,
      3,
      6,
      9,
      12,
      15,
      18,
      21,
      24,
      27,
      30
    ],
    "psnr": [
      22.187004633396572,
      24.569880297818255,
      25.943156595736617,
      27.093891966685117,
      27.39145505866295,
      27.82703610769396,
      28.314893435011914,
      28.429428971016,
      28.461537259659405,
      28.49690624518447,
      28.498382615291497
    ],
    "ssim": [
      0.713140285956398,
      0.7713660865637615,
      0.7983250767360571,
      0.8194652880740418,
      0.8241091413378208,
      0.8332744779348176,
      0.8420894735477219,
      0.8442295552689633,
      0.8446396446399372,
      0.8453409477714807,
      0.8453674654787104
    ]
  },
  "64QAM": {
    "M": 64,
    "snr_grid": [
      0,
      3,
      6,
      9,
      12,
      15,
      18,
      21,
      24,
      27,
      30
    ],
    "psnr": [
      22.578046733167024,
      24.63659304106045,
      26.583344941115183,
      27.364410914296663,
      27.311607969674206,
      27.94963476003615,
      28.098989982906687,
      28.24824338209112,
      28.252596863818745,
      28.281076140003602,
      28.283120246488625
    ],
    "ssim": [
      0.7179647861127603,
      0.7676196860826273,
      0.8108742799527796,
      0.8275715671840299,
      0.8241192356850894,
      0.8382602443804885,
      0.841009530155796,
      0.8440925179594023,
      0.8441980394943736,
      0.8447710333414641,
      0.8448227444000352
    ]
  },
  "256QAM": {
    "M": 256,
    "snr_grid": [
      0,
      3,
      6,
      9,
      12,
      15,
      18,
      21,
      24,
      27,
      30
    ],
    "psnr": [
      23.1338324267972,
      25.18033436147875,
      26.24134639393112,
      27.256059273473262,
      27.75534895259395,
      27.715922767120766,
      28.002157080103462,
      28.154385434785173,
      28.168833736675765,
      28.193540451138652,
      28.199589517058126
    ],
    "ssim": [
      0.7278421524496341,
      0.779787245499467,
      0.801166569607809,
      0.8237493404248495,
      0.8349404485284083,
      0.8344478502274593,
      0.8404719151215175,
      0.8435439303345401,
      0.8439098893677016,
      0.8444559139853126,
      0.8445992766217678
    ]
  }
}