{
  "4QAM": {
    "sqrt_M": 2,
    "num_positions": 154,
    "gamma": 0.7,
    "n_params_M": 8.094139,
    "snr_grid": [
      0,
      3,
      6,
      9,
      12,
      15,
      18,
      21,
      24,
      27,
      30
    ],
    "psnr": [
      24.529162926895495,
      26.23899558360577,
      26.317006424287094,
      26.65170782525335,
      26.967828075507967,
      26.933931937435563,
      26.978562918210184,
      27.026405820230657,
      27.045012062042815,
      27.04681615945768,
      27.04817608718497
    ],
    "ssim": [
      0.7285682699668996,
      0.7925733290320878,
      0.7944090413383575,
      0.8051245681522476,
      0.8158386031567013,
      0.8146796746643283,
      0.8161583643914464,
      0.8174624590751483,
      0.8179102927793216,
      0.818003658738817,
      0.8180652557183592
    ]
  },
  "16QAM": {
    "sqrt_M": 4,
    "num_positions": 154,
    "gamma": 0.7,
    "n_params_M": 12.037155,
    "snr_grid": [
      0,
      3,
      6,
      9,
      12,
      15,
      18,
      21,
      24,
      27,
      30
    ],
    "psnr": [
      24.810813226134957,
      25.725187571138818,
      27.18350228668224,
      27.165696130392796,
      27.39475908326744,
      27.39813952221531,
      27.48910213230436,
      27.480381991881366,
      27.504460327859377,
      27.50691517889026,
      27.514847611255142
    ],
    "ssim": [
      0.7160009035009873,
      0.7567288869305001,
      0.8075475799246232,
      0.8071971277842274,
      0.8138644206318304,
      0.8140002669320866,
      0.8165994181750409,
      0.8163987509911997,
      0.8170211784534013,
      0.8171576011066277,
      0.8173514263099928
    ]
  },
  "64QAM": {
    "sqrt_M": 8,
    "num_positions": 154,
    "gamma": 0.7,
    "n_params_M": 19.923187,
    "snr_grid": [
      0,
      3,
      6,
      9,
      12,
      15,
      18,
      21,
      24,
      27,
      30
    ],
    "psnr": [
      26.23847018437037,
      26.173751337135748,
      26.986453478561675,
      27.353487761303548,
      27.355711020502746,
      27.536664588103285,
      27.490658329783194,
      27.527050743105782,
      27.568395797357695,
      27.55081724665881,
      27.570252355777683
    ],
    "ssim": [
      0.7760731987344872,
      0.7704377938724418,
      0.8010583259752848,
      0.8127186893461401,
      0.8128395629822736,
      0.8179868822910694,
      0.8166228742381867,
      0.8177906114479814,
      0.8188785216176757,
      0.8183850115366675,
      0.8189954497070309
    ]
  },
  "256QAM": {
    "sqrt_M": 16,
    "num_positions": 154,
    "gamma": 0.7,
    "n_params_M": 35.695251,
    "snr_grid": [
      0,
      3,
      6,
      9,
      12,
      15,
      18,
      21,
      24,
      27,
      30
    ],
    "psnr": [
      26.678799492771144,
      26.797163942859363,
      27.221751608179563,
      26.86319700343885,
      27.35169525066039,
      27.353544964734855,
      27.49238302020186,
      27.50783701417214,
      27.507731935715153,
      27.511253036578765,
      27.514180317247444
    ],
    "ssim": [
      0.7907915463132033,
      0.793953621476913,
      0.8082522947002391,
      0.7967028789663416,
      0.8115458882052295,
      0.811864810646733,
      0.8160026525829738,
      0.8163756723555087,
      0.8163910898283362,
      0.816497323209332,
      0.8165281572042752
    ]
  }
}