{
  "snr_grid": [
    0,
    3,
    6,
    9,
    12,
    15,
    18,
    21,
    24,
    27,
    30
  ],
  "psnr": [
    24.8243450960757,
    25.79494035198212,
    27.041899365242216,
    27.374831303204623,
    27.7428668287464,
    27.995819988348227,
    27.951321378570945,
    28.128923891905877,
    28.13345142183573,
    28.151658962116084,
    28.169962433516922
  ],
  "ssim": [
    0.6984317854196702,
    0.7429045367598579,
    0.798496713384408,
    0.8118420537020217,
    0.8279297032775638,
    0.8379229226286974,
    0.8359910847834732,
    0.8429770638897945,
    0.8431607208999964,
    0.8437893071318563,
    0.8444480415169874
  ]
}