{
  "snr_grid": [
    0,
    3,
    6,
    9,
    12,
    15,
    18,
    21,
    24,
    27,
    30
  ],
  "psnr": [
    22.53434986374028,
    24.351363748673357,
    24.920561519693898,
    26.88054896022345,
    27.218652009689656,
    27.72762354937629,
    27.77319275191679,
    28.04934700431918,
    28.15792197141253,
    28.214103924275186,
    28.2339811916788
  ],
  "ssim": [
    0.5781077073378716,
    0.6647199251351925,
    0.691945254178651,
    0.7825243579249112,
    0.7972223494597136,
    0.8199385472658041,
    0.8218807946994742,
    0.8338427971682613,
    0.8382623753376197,
    0.8404118140167555,
    0.8412165145074522
  ]
}