{
  "4QAM": {
    "M": 4,
    "n_keep": 154,
    "gamma": 0.7,
    "snr_grid": [
      0,
      3,
      6,
      9,
      12,
      15,
      18,
      21,
      24,
      27,
      30
    ],
    "psnr": [
      21.1860058412363,
      22.619173226536173,
      24.123908684469875,
      24.465361582289336,
      25.403981146994948,
      25.571145075373003,
      25.667156588101456,
      25.693242355205506,
      25.715492706491943,
      25.728531499833757,
      25.731151497461997
    ],
    "ssim": [
      0.6612250442164506,
      0.7087837491259819,
      0.7598450622806358,
      0.7749786870918338,
      0.8093569114207476,
      0.8148226258957395,
      0.8186740213183532,
      0.8197234177206342,
      0.8204188864003434,
      0.8212713769790984,
      0.8214332893230359
    ]
  },
  "16QAM": {
    "M": 16,
    "n_keep": 154,
    "gamma": 0.7,
    "snr_grid": [
      0,
      3,
      6,
      9,
      12,
      15,
      18,
      21,
      24,
      27,
      30
    ],
    "psnr": [
      22.419214135581452,
      24.31911078399518,
      25.104743703998004,
      26.600282410577382,
      27.115108209049218,
      27.710524921742252,
      27.747994508786327,
      27.768237490997528,
      28.056345017930774,
      28.097264889010706,
      28.100591092522176
    ],
    "ssim": [
      0.6672545946652999,
      0.7268993520081196,
      0.7471220030569213,
      0.7941190044753553,
      0.8096649650600755,
      0.8274584506445042,
      0.8293050064965929,
      0.8304991887567905,
      0.8390242118822844,
      0.8405005453138014,
      0.8406667804508441
    ]
  },
  "64QAM": {
    "M": 64,
    "n_keep": 154,
    "gamma": 0.7,
    "snr_grid": [
      0,
      3,
      6,
      9,
      12,
      15,
      18,
      21,
      24,
      27,
      30
    ],
    "psnr": [
      23.872361862173246,
      24.24205299933456,
      25.79478616553407,
      26.403794063396663,
      27.498035159250446,
      27.703665022328767,
      28.00048899563759,
      28.190005579927334,
      28.14145414216074,
      28.211629314851223,
      28.246742257169196
    ],
    "ssim": [
      0.7051935408477276,
      0.7155403082633194,
      0.7642406799267757,
      0.7835506158407416,
      0.8169523264536975,
      0.8238514670172407,
      0.8332379695707681,
      0.8393757363162793,
      0.8378949778215175,
      0.8401445480579092,
      0.8414149951119292
    ]
  },
  "256QAM": {
    "M": 256,
    "n_keep": 154,
    "gamma": 0.7,
    "snr_grid": [
      0,
      3,
      6,
      9,
      12,
      15,
      18,
      21,
      24,
      27,
      30
    ],
    "psnr": [
      22.665307070569206,
      25.14662011655635,
      26.31943241722987,
      26.8122179401842,
      27.64914047980826,
      27.615467704332822,
      28.021586344808167,
      28.103842971192346,
      28.193376335551996,
      28.207239852627755,
      28.229656171182036
    ],
    "ssim": [
      0.6547919356179508,
      0.74028416861243,
      0.7778126558897186,
      0.7933857411540783,
      0.8215517385855009,
      0.8205029761871359,
      0.8338378404852026,
      0.8365724914172924,
      0.8396857418285052,
      0.8401675688888893,
      0.8409491752676986
    ]
  }
}