{
  "0": {
    "n_keep": 512,
    "encoder_params_M": 4.368032,
    "latency_cpu_ms": 12.079796730540693,
    "latency_cpu_std_ms": 1.6821121691901548,
    "latency_cuda_ms": 0.7340208627283573,
    "latency_cuda_std_ms": 0.2249948383319188
  },
  "0.2": {
    "n_keep": 410,
    "encoder_params_M": 3.714926,
    "latency_cpu_ms": 10.936688180081546,
    "latency_cpu_std_ms": 1.8625550404059306,
    "latency_cuda_ms": 0.8417928637936711,
    "latency_cuda_std_ms": 0.19991005600073627
  },
  "0.5": {
    "n_keep": 256,
    "encoder_params_M": 2.728864,
    "latency_cpu_ms": 8.751472034491599,
    "latency_cpu_std_ms": 1.7768386316475078,
    "latency_cuda_ms": 0.628459807485342,
    "latency_cuda_std_ms": 0.15177624723884098
  },
  "0.7": {
    "n_keep": 154,
    "encoder_params_M": 2.075758,
    "latency_cpu_ms": 7.123669488355517,
    "latency_cpu_std_ms": 1.3098513646558934,
    "latency_cuda_ms": 0.7379593374207616,
    "latency_cuda_std_ms": 0.2528273162870358
  },
  "0.9": {
    "n_keep": 51,
    "encoder_params_M": 1.416249,
    "latency_cpu_ms": 6.771012144163251,
    "latency_cpu_std_ms": 1.8616615612836724,
    "latency_cuda_ms": 0.6263430509716272,
    "latency_cuda_std_ms": 0.1841476234122411
  }
}