{
  "1/6": {
    "num_positions": 128,
    "snr_grid": [
      0,
      3,
      6,
      9,
      12,
      15,
      18,
      21,
      24,
      27,
      30
    ],
    "psnr": [
      22.382644997439424,
      24.452567787143046,
      24.627169675312892,
      26.444650621109663,
      26.899159704947852,
      26.892811303310133,
      27.291827504055455,
      27.338323323603287,
      27.45513880202942,
      27.534417134955174,
      27.536759703771132
    ],
    "ssim": [
      0.5908286782996224,
      0.6876168816568142,
      0.6950845066182327,
      0.7778242896434374,
      0.7957634903826316,
      0.7951186154787871,
      0.8118418772666995,
      0.8135772070390189,
      0.8181706197605818,
      0.8213198262246626,
      0.8213852601951281
    ]
  },
  "1/3": {
    "num_positions": 256,
    "snr_grid": [
      0,
      3,
      6,
      9,
      12,
      15,
      18,
      21,
      24,
      27,
      30
    ],
    "psnr": [
      24.04126534900474,
      25.28821735420398,
      26.112270203169164,
      26.530795123629,
      27.353644347599527,
      27.402176072726796,
      27.68831222134857,
      27.776500830736552,
      27.861262283157203,
      27.858329012956823,
      27.87556671940738
    ],
    "ssim": [
      0.6592412909472569,
      0.7163171459569249,
      0.7530570266327281,
      0.7715244171848973,
      0.8078332373858521,
      0.8093672791255928,
      0.8212337461671801,
      0.82472020540952,
      0.8280573555277229,
      0.8279848365336804,
      0.8286154395242649
    ]
  },
  "1/2": {
    "num_positions": 384,
    "snr_grid": [
      0,
      3,
      6,
      9,
      12,
      15,
      18,
      21,
      24,
      27,
      30
    ],
    "psnr": [
      24.587508962652556,
      25.98439142322735,
      26.4222139571262,
      27.833604745383866,
      28.141814528911528,
      28.353787954088567,
      28.452154736354817,
      28.5541654246198,
      28.59698812828418,
      28.629544946740168,
      28.633483189875648
    ],
    "ssim": [
      0.6709827554465568,
      0.7368881947128808,
      0.7555329154081408,
      0.8163901016792788,
      0.8293614300770493,
      0.8372096217147181,
      0.8410180819174883,
      0.8449637308745874,
      0.8465557866823508,
      0.8477130461390552,
      0.8478324686777704
    ]
  },
  "2/3": {
    "num_positions": 512,
    "snr_grid": [
      0,
      3,
      6,
      9,
      12,
      15,
      18,
      21,
      24,
      27,
      30
    ],
    "psnr": [
      24.92729450886469,
      26.276604808949152,
      27.10860212849342,
      27.272740602775446,
      27.73171012307022,
      27.879390460037882,
      27.98609146396608,
      28.104685801403754,
      28.13334556647277,
      28.157473085951114,
      28.17058035054374
    ],
    "ssim": [
      0.7029509033109613,
      0.7645150088745805,
      0.8011338490088482,
      0.8074345844909467,
      0.8267384788375207,
      0.8331035925139458,
      0.8375464491640461,
      0.8420364268630192,
      0.8431442420005796,
      0.8439942286409018,
      0.8444767609155484
    ]
  }
}